{
  "id": "4f3135fd-2367-4e89-8860-a80582f4523a",
  "name": "dishtype",
  "isOverridable": true,
  "entries": [
    {
      "value": "vegan",
      "synonyms": [
        "vegan",
        "veganes",
        "veganer"
      ]
    },
    {
      "value": "vegetarian",
      "synonyms": [
        "vegetarisch",
        "vegetarisches",
        "vegetarier",
        "ohne Fleisch",
        "kein Fleisch"
      ]
    },
    {
      "value": "bio",
      "synonyms": [
        "bio"
      ]
    }
  ],
  "isEnum": false,
  "automatedExpansion": false
}