{
  "id": "a940b7e1-44fe-4ec6-8a2f-e330821c6a07",
  "name": "ingredients",
  "isOverridable": true,
  "entries": [
    {
      "value": "laktosefree",
      "synonyms": [
        "laktosefrei",
        "ohne Laktose"
      ]
    },
    {
      "value": "glutenfree",
      "synonyms": [
        "glutenfrei",
        "ohne Gluten"
      ]
    },
    {
      "value": "sugarfree",
      "synonyms": [
        "zuckerfrei",
        "ohne Zucker"
      ]
    }
  ],
  "isEnum": false,
  "automatedExpansion": false
}